tracking_category_id,tracking_category_name,status,_fivetran_synced,source_relation
20fd4c53-9ae2-4229-8d9e-9d7cb6421f14,Region,ACTIVE,2024-02-04 18:00:17.876 UTC,""
8e91ad4b-6d04-4b77-918a-5127b24f35ec,Department,ACTIVE,2024-02-04 18:00:17.876 UTC,""
ab27f5a3-e4d6-49a2-b7c4-812f7e931a50,Project,ARCHIVED,2024-02-04 18:00:17.876 UTC,""
5c8e34b2-ff1a-4e7b-9023-654db41ce9d2,Location,ACTIVE,2024-02-04 18:00:17.876 UTC,""
f3129a78-67cf-4d30-a501-20b6d98c837e,Cost Center,DELETED,2024-02-04 18:00:17.876 UTC,""
